stateabbr,"Branded add-on fills per 1,000 antidepressant fills",Brand share of add-on fills (%),Brand share of add-on spend (%),Branded add-on spend ($M),Depression rate (%),Patients (M)
AK,24.1,10.15,85.37,3.68,20.69,0.12
AL,21.23,11.96,85.48,45.04,23.35,0.93
AR,16.27,10.98,85.57,26.18,24.59,0.58
AZ,8.53,5.13,71.73,19.57,19.49,1.14
CA,12.63,6.22,72.24,116.43,20.14,6.15
CO,12.79,8.29,79.59,21.34,22.73,1.06
CT,19.66,11.02,84.62,33.68,20.63,0.6
DC,12.89,5.75,75.5,2.21,21.6,0.12
DE,15.85,10.28,82.59,6.77,21.11,0.17
FL,15.3,8.22,80.6,142.2,17.07,3.11
GA,16.61,9.25,85.67,61.92,18.97,1.61
HI,22.78,9.74,78.98,4.85,15.95,0.18
IA,22.0,13.89,86.15,34.69,20.74,0.51
ID,21.5,11.86,77.4,14.69,23.73,0.36
IL,11.97,6.82,75.43,51.12,19.81,1.95
IN,22.48,16.7,85.64,73.87,25.06,1.32
KS,19.08,12.24,83.17,26.48,20.8,0.47
KY,24.41,14.7,87.32,62.92,26.69,0.94
LA,24.89,12.76,90.38,48.85,26.59,0.93
MA,14.1,7.85,78.5,49.97,23.84,1.35
MD,14.85,7.62,78.31,27.48,19.38,0.93
ME,10.49,7.87,74.51,8.59,26.86,0.31
MI,19.63,10.22,84.79,84.69,25.67,2.03
MN,9.76,5.81,71.31,25.62,24.42,1.08
MO,22.68,13.13,85.84,70.86,24.34,1.17
MS,16.94,8.82,86.76,21.52,19.52,0.44
MT,8.18,4.94,68.3,3.32,24.86,0.22
NC,16.62,11.3,88.02,81.27,24.18,2.05
ND,12.42,8.15,79.27,4.38,21.32,0.13
NE,21.16,12.2,85.9,18.57,18.26,0.27
NH,13.9,8.6,77.75,9.94,22.69,0.26
NJ,17.4,9.09,80.91,48.25,15.12,1.1
NM,12.23,8.09,78.19,7.92,23.17,0.39
NV,17.09,8.65,82.58,12.94,20.51,0.51
NY,18.56,9.32,83.36,135.53,17.46,2.73
OH,19.62,12.25,83.52,111.76,25.41,2.34
OK,22.03,14.54,88.2,32.23,25.53,0.79
OR,10.44,6.34,74.21,17.33,27.11,0.92
PA,12.34,7.61,77.38,76.8,23.02,2.38
RI,11.28,6.07,70.98,6.5,23.19,0.21
SC,15.04,9.63,85.53,34.06,22.35,0.95
SD,15.14,10.02,83.09,5.61,21.17,0.15
TN,22.17,12.63,88.86,74.5,28.38,1.58
TX,13.61,8.96,82.16,109.6,21.18,4.86
UT,13.08,7.29,78.61,11.12,27.27,0.68
VA,15.13,9.02,80.18,43.13,21.79,1.49
VT,7.16,4.9,66.37,2.31,26.51,0.14
WA,8.7,4.73,72.47,21.63,25.07,1.55
WI,16.89,9.74,81.28,44.38,23.21,1.08
WV,14.13,9.42,86.53,15.35,30.45,0.43
WY,15.94,9.64,83.26,3.03,21.63,0.1
