candidate,sponsor,furthest_phase,trials,active_trials,latest_data,also_known_as
zuranolone,Biogen,PHASE3,1,0,2023-06-22,
rel-1017,"Relmada Therapeutics, Inc.",PHASE3,1,0,2023-07-27,Esmethadone HCl
aticaprant,"Janssen Research & Development, LLC",PHASE3,2,0,2024-11-08,JNJ-67953964
levomilnacipran,"Zhejiang Huahai Pharmaceutical Co., Ltd.",PHASE3,1,0,2025-06-13,
psilocybin,COMPASS Pathways,PHASE3,3,2,2025-11-13,COMP360
navacaprant,"Neumora Therapeutics, Inc.",PHASE3,4,0,2026-05-06,BTRX 335140; BTRX-335140; CYM-53093; Navacaprant
ammoxetine,"CSPC ZhongQi Pharmaceutical Technology Co., Ltd.",PHASE3,1,1,2026-06-30,
dextromethorphan bupropion,"CSPC Ouyi Pharmaceutical Co., Ltd.",PHASE3,1,1,2026-09-30,
azetukalner,Xenon Pharmaceuticals Inc.,PHASE3,4,3,2027-05,XEN1101
dt120,"Definium Therapeutics US, Inc.",PHASE3,2,2,2027-09,LSD D-Tartrate; MM120; lysergide tartrate
lurasidone,Bukwang Pharmaceutical,PHASE3,1,1,2027-10,
kh607,"Chengdu Kanghong Pharmaceutical Group Co., Ltd.",PHASE3,3,2,2027-12,
milsaperidone,Vanda Pharmaceuticals,PHASE3,1,1,2028-03,VHX-896
cyb003,Cybin IRL Limited,PHASE3,4,3,2028-06-06,
seltorexant,"Janssen Research & Development, LLC",PHASE3,4,2,2028-08-24,JNJ 42847922; JNJ-42847922
brenipatide,Eli Lilly and Company,PHASE3,2,2,2028-12,LY3537031
solriamfetol,"Axsome Therapeutics, Inc.",PHASE3,2,1,2028-12,
nbi-1065845,Neurocrine Biosciences,PHASE3,6,5,2029-05,TAK-653
lumateperone,"Intra-Cellular Therapies, Inc.",PHASE3,5,2,2029-09-20,Caplyta
vortioxetine,Takeda,PHASE3,1,1,2029-09-30,Trintellix
esketamine,"Janssen Research & Development, LLC",PHASE3,4,2,2031-04-09,JNJ-54135419
js1-1-01,"Tasly Pharmaceutical Group Co., Ltd",PHASE2|PHASE3,2,1,2026-12-31,JS1-1-01 pills; JS1-1-01 tablet
mitizodone,"Sunshine Lake Pharma Co., Ltd.",PHASE2|PHASE3,1,1,2027-07,HEC113995PA•H2O
nrx-101,"NeuroRx, Inc.",PHASE2|PHASE3,1,1,2027-12-31,
sls-002,"Seelos Therapeutics, Inc.",PHASE2,1,0,2023-06-17,Ketamine hydrochloride
nbi-1065846,Neurocrine Biosciences,PHASE2,1,0,2023-07-07,TAK-041
anc-501,"Ancora Bio, Inc. d/b/a EmbarkNeuro, Inc.",PHASE2,1,0,2023-08-14,
gw117,"Beijing Greatway Pharmaceutical Technology Co.,Ltd.",PHASE2,1,0,2023-09-28,
tnx-601,"Tonix Pharmaceuticals, Inc.",PHASE2,1,0,2023-09-29,Tianeptine
mij821,Novartis Pharmaceuticals,PHASE2,1,0,2023-11-28,
bi 1358894,Boehringer Ingelheim,PHASE2,1,0,2024-01-10,
liafensine,Denovo Biopharma LLC,PHASE2,1,0,2024-02-06,DB104
xanamem,Actinogen Medical,PHASE2,1,0,2024-07-01,UE2343
gh001,GH Research Ireland Limited,PHASE2,1,0,2024-10-04,"5-MeO-DMT; 5-Methoxy-N,N-dimethyltryptamine; Mebufotenin"
map4343,Mapreg,PHASE2,1,0,2024-11-07,
nv-5138,"Navitor Pharmaceuticals, Inc.",PHASE2,2,0,2025-01-21,SPN-820; SPN820
gm-1020,Gilgamesh Pharmaceuticals,PHASE2,1,0,2025-03-04,
alto-203,Alto Neuroscience,PHASE2,1,0,2025-04-14,
bi 1569912,Boehringer Ingelheim,PHASE2,2,0,2025-05-02,
centanafadine,"Otsuka Pharmaceutical Development & Commercialization, Inc.",PHASE2,1,0,2025-05-16,
cle-100,Clexio Biosciences Ltd.,PHASE2,1,0,2025-06-06,
nbi-1070770,Neurocrine Biosciences,PHASE2,1,0,2025-07-25,
nh102,"Jiangsu Nhwa Pharmaceutical Co., Ltd.",PHASE2,1,0,2025-07-30,
sep-363856,"Otsuka Pharmaceutical Development & Commercialization, Inc.",PHASE2,1,0,2025-11-06,
ropanicant,Suven Life Sciences Limited,PHASE2,2,0,2026-02-23,SUVN-911
bhv-7000,Biohaven Therapeutics Ltd.,PHASE2,2,0,2026-03-18,
ono-1110,"Ono Pharmaceutical Co., Ltd.",PHASE2,1,0,2026-04-09,
prt042,"Sichuan Purity Pharmaceutical Technology Co., Ltd.",PHASE2,1,0,2026-04-10,
abx-002,"Autobahn Therapeutics, Inc.",PHASE2,1,1,2026-06,
jnj-89495120,"Janssen Research & Development, LLC",PHASE2,1,0,2026-06-25,
tj0113,"Hangzhou PhecdaMed Co., Ltd.",PHASE2,1,0,2026-06-25,
sp-624,"Sirtsei Pharmaceuticals, Inc.",PHASE2,1,0,2026-07-08,
gm-2505,Gilgamesh Pharmaceuticals,PHASE2,1,0,2026-07-27,
alto-100,Alto Neuroscience,PHASE2,3,1,2026-08,
vls-01-203 bu,"atai Therapeutics, Inc.",PHASE2,1,1,2026-08-01,
lv232,Vigonvita Life Sciences,PHASE2,1,1,2026-09-01,
bpl-003,Beckley Psytech Limited,PHASE2,2,1,2026-11,
alto-300,Alto Neuroscience,PHASE2,3,1,2026-12,
spn-821,"Supernus Pharmaceuticals, Inc.",PHASE2,1,1,2026-12-31,
spt-300,Seaport Therapeutics,PHASE2,2,2,2027-05,Glyph Allopregnanolone; GlyphAllo; LYT-300
afa-281,Afasci Inc,PHASE2,1,1,2027-06-01,
acp-211,ACADIA Pharmaceuticals Inc.,PHASE2,1,1,2027-08,
dt-101,Draig Therapeutics Ltd,PHASE2,2,2,2027-08,
icalcaprant,AbbVie,PHASE2,1,1,2027-09,
alto-207,Alto Neuroscience,PHASE2,1,1,2027-11,
ket-ad,Neurocentrx Pharma Pty Ltd,PHASE2,1,1,2028-01-30,
tnx-102 sl,"Tonix Pharmaceuticals, Inc.",PHASE2,1,1,2028-02,cyclobenzaprine; cyclobenzaprine HCl
zelquistinel,"Syndeio Biosciences, Inc",PHASE2,2,2,2028-03-30,GATE-251
bms-986511,Bristol-Myers Squibb,PHASE2,1,1,2028-11-06,Evifacotrep
ele-101,Eleusis Therapeutics,PHASE1|PHASE2,1,1,2025-12,
cariprazine,Mapi Pharma Ltd.,PHASE1|PHASE2,1,1,2026-12-31,
pdc-1421,"BioLite, Inc.",PHASE1|PHASE2,1,1,2028-02-28,
