candidate,drug,company,company_home,furthest_phase,group,treatment_model,mechanism,serotonin_based,status_oct_2026,us_launch_estimate,source,launch_year_est,out_year
lumateperone,Caplyta (lumateperone),Intra-Cellular (J&J),US,PHASE3,Existing brand expanding,Daily pill,Atypical antipsychotic (serotonin 5-HT2A / dopamine),Partly,"Approved as add-on for MDD, Nov 6 2025: a new add-on competitor with low weight-gain profile",On market (2025),https://www.psychiatrictimes.com/view/fda-approves-caplyta-for-adjunctive-treatment-of-major-depressive-disorder,2025.0,
esketamine,Spravato (esketamine),Janssen (J&J),US,PHASE3,Existing brand expanding,Clinic-administered,NMDA receptor antagonist (glutamate),No,Approved (TRD add-on 2019; monotherapy Jan 2025); more trials running,On market,https://www.usnews.com/news/health-news/articles/2025-01-22/fda-approves-spravato-nasal-spray-for-treatment-resistant-depression,2019.0,
milsaperidone,Bysanti (milsaperidone),Vanda,US,PHASE3,Existing brand expanding,Daily pill,"Antipsychotic (dopamine D2, serotonin 5-HT2A antagonist)",Partly,Approved Feb 2026 for bipolar I and schizophrenia; Phase 3 as add-on for MDD ends ~end 2026,~2027-28 (est.),https://www.pharmacytimes.com/view/fda-approves-milsaperidone-for-treatment-of-bipolar-i-disorder-and-schizophrenia,2028.0,
solriamfetol,Sunosi (solriamfetol),Axsome,US,PHASE3,Existing brand expanding,Daily pill,Dopamine/norepinephrine reuptake inhibitor (approved for sleepiness),No,"Missed primary goal in MDD (Apr 2025); new Phase 3 in MDD with daytime sleepiness, data ~2028",2029+ (est.),https://www.fiercepharma.com/pharma/axsomes-sunosi-comes-short-mdd-trial-shows-promise-treating-those-daytime-sleepiness-0,2029.0,
vortioxetine,Trintellix (vortioxetine),Takeda,Japan,PHASE3,Existing brand expanding,Daily pill,Serotonin modulator,Yes,On market; new trial in an additional population (verify),On market,ClinicalTrials.gov record,,
psilocybin,COMP360 (psilocybin),COMPASS Pathways,UK/US,PHASE3,New molecule,Clinic-administered,"Psychedelic, serotonin 5-HT2A agonist (1-2 supervised doses)","Yes (5-HT2A, not reuptake)","Two positive Phase 3 trials in TRD; NDA rolling submission, FDA priority voucher",H1 2027 (company target),https://finance.yahoo.com/healthcare/articles/compass-pathways-targets-2027-comp360-210218096.html,2027.0,
dt120,"DT120 (LSD, orally disintegrating tablet)",Definium Therapeutics,US,PHASE3,New molecule,Clinic-administered,"Psychedelic, serotonin 5-HT2A agonist (single supervised dose, ~6 h session)","Yes (5-HT2A, not reuptake)","Positive Phase 3 (Emerge) in MDD, Jun 2026; second Phase 3 running, data ~2027",~2028 (est.),https://ir.definiumtx.com/news-events/press-releases/detail/232/definium-therapeutics-announces-positive-topline-results-from-phase-3-emerge-study-of-dt120-orally-disintegrating-tablet-odt-in-major-depressive-disorder,2028.0,
cyb003,CYB003 / HLP003 (deuterated psilocybin analog),Cybin (Helus Pharma),Canada/UK,PHASE3,New molecule,Clinic-administered,"Psychedelic, serotonin 5-HT2A agonist (supervised dosing, add-on)","Yes (5-HT2A, not reuptake)",Phase 3 APPROACH topline expected Q4 2026,~2028-29 (est.),https://www.prnewswire.com/news-releases/a-breakthrough-designated-depression-drug-is-86-through-its-phase-3-with-topline-data-due-this-year-302811862.html,2028.5,
azetukalner,Azetukalner (XEN1101),Xenon,Canada/US,PHASE3,New molecule,Daily pill,Potassium channel (Kv7) opener,No,Phase 3 X-NOVA in MDD enrolling; topline H1 2027 (epilepsy NDA Q3 2026),~2029 (est.),https://investor.xenon-pharma.com/news-releases/news-release-details/xenon-reports-q2-2026-financial-results-and-provides-business,2029.0,
seltorexant,Seltorexant,Janssen (J&J),US,PHASE3,New molecule,Daily pill,"Orexin-2 receptor antagonist (sleep-wake system), add-on for MDD with insomnia",No,Positive Phase 3 (2024); further Phase 3 trials complete 2026-28,~2028-29 (est.),https://www.biopharmadive.com/news/johnson-johnson-seltorexant-mdd-antidepressant-orexin/717336/,2028.5,
nbi-1065845,Osavampator (NBI-1065845 / TAK-653),Neurocrine,US,PHASE3,New molecule,Daily pill,"AMPA receptor potentiator (glutamate), add-on",No,Phase 3 registrational program started Jan 2025; data ~2027,~2029 (est.),https://neurocrine.gcs-web.com/news-releases/news-release-details/neurocrine-biosciences-announces-initiation-phase-3,2029.0,
brenipatide,Brenipatide (LY3537031),Eli Lilly,US,PHASE3,New molecule,Weekly injection,GLP-1 / GIP dual agonist (metabolic hormone pathway),No,"Phase 3 in MDD relapse prevention, data ~2028; also alcohol use and bipolar",2030+ (est.),https://en.wikipedia.org/wiki/Brenipatide,2030.0,
navacaprant,Navacaprant,Neumora,US,PHASE3,New molecule,Daily pill,Kappa-opioid receptor antagonist,No,Failed all three Phase 3 trials; development discontinued Jun 2026,Out,https://www.globenewswire.com/news-release/2026/06/15/3311713/0/en/neumora-therapeutics-reports-data-from-phase-3-koastal-program-and-provides-business-and-pipeline-update.html,,2026.0
aticaprant,Aticaprant,Janssen (J&J),US,PHASE3,New molecule,Daily pill,Kappa-opioid receptor antagonist,No,"Phase 3 VENTURA discontinued (insufficient efficacy, 2025)",Out,https://www.jnj.com/media-center/press-releases/johnson-johnson-statement-on-ventura-program,,2025.0
rel-1017,Esmethadone (REL-1017),Relmada,US,PHASE3,New molecule,Daily pill,NMDA receptor antagonist,No,Failed Phase 3 trials; abandoned,Out,https://www.biospace.com/drug-development/after-three-strikes-relmada-abandons-depression-drug-esmethadone,,2025.0
zuranolone,Zurzuvae (zuranolone),Biogen / Sage,US,PHASE3,New molecule,Short pill course (14 days),GABA-A receptor modulator (neurosteroid),No,FDA rejected for MDD (Aug 2023); approved only for postpartum depression,Out (MDD),https://medicalupdateonline.com/2023/08/fda-approves-zurzuvae-the-first-and-only-oral-treatment-for-postpartum-depression-and-issues-a-complete-response-letter-for-major-depressive-disorder-sage-therapeutics-biogen/,,2023.0
lurasidone,Lurasidone (add-on),Bukwang,South Korea,PHASE3,"Existing molecule, home-market trial",Daily pill,Antipsychotic (dopamine / serotonin),Partly,"Phase 3 add-on trial, data ~2027 (generic in US)",Not a US launch threat (verify trial countries),ClinicalTrials.gov record,,
dextromethorphan bupropion,Dextromethorphan-bupropion,CSPC Ouyi,China,PHASE3,"Existing molecule, home-market trial",Daily pill,NMDA antagonist + NDRI (same as Auvelity),No,Local version of Auvelity; Phase 3 data ~2026,Not a US launch threat (verify trial countries),ClinicalTrials.gov record,,
levomilnacipran,Levomilnacipran,Zhejiang Huahai,China,PHASE3,"Existing molecule, home-market trial",Daily pill,SNRI (same as US brand Fetzima),Yes,Phase 3 completed 2025,Not a US launch threat (verify trial countries),ClinicalTrials.gov record,,
ammoxetine,Ammoxetine,CSPC ZhongQi,China,PHASE3,New molecule,Daily pill,SNRI (serotonin-norepinephrine reuptake inhibitor),Yes,"Phase 3 vs sertraline, data ~2026",Not a US launch threat (verify trial countries),ClinicalTrials.gov record,,
kh607,KH607,Chengdu Kanghong,China,PHASE3,New molecule,Daily pill,Not disclosed (verify),Unknown,"Phase 3 not yet recruiting, data ~2027",Not a US launch threat (verify trial countries),ClinicalTrials.gov record,,
mitizodone,Mitizodone,Sunshine Lake,China,PHASE2|PHASE3,New molecule,Daily pill,Not verified,Unknown,"Phase 2/3 recruiting, data ~2027",Not a US launch threat (verify trial countries),ClinicalTrials.gov record,,
js1-1-01,JS1-1-01,Tasly,China,PHASE2|PHASE3,New molecule,Daily pill,Not verified,Unknown,"Phase 2/3 not yet recruiting, data ~2026",Not a US launch threat (verify trial countries),ClinicalTrials.gov record,,
nrx-101,NRX-101 (D-cycloserine + lurasidone),NRx Pharmaceuticals,US,PHASE2|PHASE3,New molecule,Daily pill,NMDA modulator + antipsychotic,Partly,"Phase 2/3 not yet recruiting, data ~2027 (small company)",2029+ (est.),ClinicalTrials.gov record,2029.0,
